Education,mean,count,pct
2n Cycle,0.19480519480519481,154,19.480519480519483
Master,0.1566579634464752,383,15.66579634464752
Basic,0.15463917525773196,97,15.463917525773196
Graduation,0.15321849501359927,1103,15.321849501359926
PhD,0.1312127236580517,503,13.12127236580517
