SpendSegment,mean,count,sum,response_pct,ci_low,ci_high
Low (<$682),0.15178571428571427,560,85,15.178571428571427,12.444599854038461,18.38703796764762
Mid ($682–$988),0.14311270125223613,559,80,14.311270125223613,11.65151909219761,17.458198455332635
High ($988–$1547),0.1625,560,91,16.25,13.426212418581706,19.53368270089865
Premium (>$1547),0.1497326203208556,561,84,14.973262032085561,12.259275710466543,18.163695968673238
