AgeGroup,mean,count,pct
Under 35,0.18518518518518517,54,18.51851851851852
35–49,0.1520572450805009,559,15.20572450805009
50–64,0.14273356401384082,1156,14.273356401384083
65+,0.16985138004246284,471,16.985138004246284
