,NumStorePurchases,NumWebPurchases,NumCatalogPurchases,NumDealsPurchases
Low (<$682),5.839285714285714,4.276785714285714,2.7035714285714287,2.3125
Mid ($682–$988),5.67262969588551,4.114490161001789,2.7799642218246867,2.2880143112701252
High ($988–$1547),5.873214285714286,4.0928571428571425,2.694642857142857,2.2071428571428573
Premium (>$1547),5.689839572192513,4.288770053475936,2.7076648841354722,2.2762923351158646
