HouseholdType,mean,count,pct
2+ Children,0.16123499142367068,583,16.123499142367066
No Children,0.1560379918588874,737,15.60379918588874
1 Child,0.1423913043478261,920,14.23913043478261
