campaign,acceptance_rate_pct,accepted,total
Campaign 1,6.116071428571428,137,2240
Campaign 2,1.7857142857142856,40,2240
Campaign 3,8.214285714285714,184,2240
Campaign 4,8.080357142857144,181,2240
Campaign 5,8.883928571428571,199,2240
Final Campaign,15.178571428571427,340,2240
