SpendSegment,customers,avg_spend,avg_income,avg_age,response_pct,revenue_share
Low (<$682),560,522.8589285714286,50455.515370705245,55.58571428571429,15.178571428571427,10.192575666909992
Mid ($682–$988),559,832.1073345259392,57032.91139240506,55.90339892665474,14.311270125223613,16.192076483044286
High ($988–$1547),560,1223.8267857142857,59395.47101449275,56.02142857142857,16.25,23.857194426546
Premium (>$1547),561,2547.944741532977,58054.65949820788,56.155080213903744,14.973262032085561,49.75815342349972
